date,2yr,5yr,10yr,30yr
2020-01-01,,,,
2020-01-02,0.4501,0.4378,0.5345,0.8359
2020-01-03,0.4487,0.4352,0.5268,0.842
2020-01-06,0.4304,0.4339,0.5128,0.8418
2020-01-07,0.4156,0.4361,0.5072,0.8365
2020-01-08,0.407,0.4251,0.4949,0.8176
2020-01-09,0.4106,0.4238,0.4808,0.8118
2020-01-10,0.4124,0.414,0.4772,0.8229
2020-01-13,0.3938,0.4127,0.4748,0.8196
2020-01-14,0.3952,0.4047,0.4884,0.8234
2020-01-15,0.3946,0.3981,0.4922,0.814
2020-01-16,0.3947,0.3896,0.4951,0.814
2020-01-17,0.3913,0.3878,0.4807,0.7974
2020-01-20,0.3761,0.3866,0.4611,0.7904
2020-01-21,0.3669,0.3838,0.4523,0.783
2020-01-22,0.3585,0.3859,0.4666,0.7907
2020-01-23,0.3468,0.3842,0.4725,0.7786
2020-01-24,0.3509,0.3799,0.4723,0.7778
2020-01-27,0.3352,0.3649,0.4477,0.7652
2020-01-28,0.3345,0.3658,0.4326,0.7652
2020-01-29,0.3221,0.3732,0.4276,0.763
2020-01-30,0.3239,0.3596,0.4207,0.7566
2020-01-31,0.3195,0.3416,0.4206,0.7508
2020-02-03,0.307,0.3281,0.4061,0.7468
2020-02-04,0.2946,0.3253,0.4162,0.75
2020-02-05,0.2935,0.3196,0.4123,0.7461
2020-02-06,0.2929,0.306,0.3973,0.7376
2020-02-07,0.2921,0.3097,0.3886,0.7253
2020-02-10,0.2779,0.3047,0.3768,0.7132
2020-02-11,0.2822,0.3002,0.3859,0.7122
2020-02-12,0.2735,0.291,0.3796,0.7041
2020-02-13,0.2643,0.2843,0.3784,0.7113
2020-02-14,0.2449,0.2794,0.3788,0.7015
2020-02-17,0.2363,0.2831,0.3616,0.699
2020-02-18,0.24,0.2844,0.357,0.6931
2020-02-19,0.2389,0.2896,0.3532,0.6939
2020-02-20,0.227,0.272,0.3544,0.6875
2020-02-21,0.2127,0.2659,0.3456,0.6857
2020-02-24,0.2028,0.2468,0.3356,0.6734
2020-02-25,0.2062,0.2322,0.3409,0.6679
2020-02-26,0.2085,0.2226,0.3454,0.6601
2020-02-27,0.1973,0.2134,0.3289,0.6631
2020-02-28,0.1902,0.2117,0.3235,0.6744
2020-03-02,0.1743,0.2015,0.3054,0.6689
2020-03-03,0.1742,0.2135,0.3134,0.6527
2020-03-04,0.1728,0.2208,0.3021,0.6434
2020-03-05,0.1688,0.2295,0.3013,0.6408
2020-03-06,0.1665,0.2212,0.2942,0.647
2020-03-09,0.1488,0.2143,0.2877,0.6385
2020-03-10,0.1446,0.1996,0.287,0.6327
2020-03-11,0.1398,0.1965,0.2888,0.6254
2020-03-12,0.1276,0.1925,0.2842,0.6151
2020-03-13,0.12,0.1904,0.2889,0.6004
2020-03-16,0.1007,0.1795,0.2774,0.5925
2020-03-17,0.1003,0.175,0.2728,0.5931
2020-03-18,0.0959,0.1714,0.2603,0.6021
2020-03-19,0.1012,0.1593,0.2473,0.5904
2020-03-20,0.0955,0.1468,0.2489,0.5893
2020-03-23,0.088,0.1389,0.2414,0.5868
2020-03-24,0.0717,0.1454,0.2375,0.5935
2020-03-25,0.0739,0.1467,0.2331,0.5895
2020-03-26,0.0694,0.1457,0.2301,0.5803
2020-03-27,0.0804,0.1462,0.2496,0.5897
2020-03-30,0.0843,0.1511,0.2429,0.5836
2020-03-31,0.087,0.158,0.2399,0.5826
2020-04-01,0.0819,0.1608,0.2373,0.568
2020-04-02,0.0756,0.152,0.2523,0.57
2020-04-03,0.0755,0.1519,0.2555,0.5683
2020-04-06,0.075,0.1408,0.2459,0.5778
2020-04-07,0.0705,0.1503,0.2419,0.5891
2020-04-08,0.0601,0.1415,0.2337,0.5911
2020-04-09,0.0561,0.1414,0.2273,0.5821
2020-04-10,0.0645,0.1264,0.2225,0.5851
2020-04-13,0.0696,0.123,0.241,0.5794
2020-04-14,0.0772,0.1166,0.2479,0.578
2020-04-15,0.0722,0.1298,0.2495,0.5563
2020-04-16,0.0718,0.1375,0.2471,0.565
2020-04-17,0.0711,0.1406,0.2596,0.5722
2020-04-20,0.0704,0.1351,0.2553,0.5919
2020-04-21,0.0714,0.1232,0.2493,0.5776
2020-04-22,0.0646,0.1233,0.2476,0.5796
2020-04-23,0.0639,0.125,0.2426,0.5674
2020-04-24,0.0593,0.1277,0.2475,0.578
2020-04-27,0.0553,0.1374,0.2324,0.5611
2020-04-28,0.0591,0.1304,0.2403,0.5677
2020-04-29,0.0583,0.1349,0.2336,0.5672
2020-04-30,0.0639,0.1259,0.2337,0.5748
2020-05-01,0.0634,0.1316,0.2279,0.5702
2020-05-04,0.0667,0.1222,0.2297,0.5612
2020-05-05,0.0695,0.1208,0.2392,0.5581
2020-05-06,0.0662,0.1155,0.2431,0.5521
2020-05-07,0.0614,0.1129,0.2418,0.5462
2020-05-08,0.0573,0.1157,0.2394,0.553
2020-05-11,0.048,0.1174,0.2343,0.56
2020-05-12,0.0425,0.1238,0.2374,0.5653
2020-05-13,0.0359,0.1275,0.2384,0.5623
2020-05-14,0.0389,0.1308,0.256,0.5546
2020-05-15,0.0477,0.1252,0.2501,0.5593
2020-05-18,0.0485,0.1172,0.2428,0.5532
2020-05-19,0.0512,0.1062,0.2334,0.5497
2020-05-20,0.0552,0.1074,0.2391,0.5528
2020-05-21,0.0575,0.1019,0.2384,0.5552
2020-05-22,0.0627,0.1124,0.2323,0.5693
2020-05-25,0.0502,0.1119,0.23,0.563
2020-05-26,0.0506,0.1131,0.2283,0.5583
2020-05-27,0.0417,0.1103,0.2279,0.5539
2020-05-28,0.0442,0.0969,0.2254,0.5564
2020-05-29,0.049,0.0872,0.2342,0.5642
2020-06-01,0.0439,0.0831,0.2324,0.5627
2020-06-02,0.0476,0.0943,0.2226,0.5566
2020-06-03,0.0444,0.1057,0.2079,0.5525
2020-06-04,0.05,0.0952,0.2045,0.5459
2020-06-05,0.0404,0.0949,0.207,0.543
2020-06-08,0.0392,0.1039,0.2154,0.543
2020-06-09,0.0394,0.1148,0.2156,0.5508
2020-06-10,0.0476,0.1158,0.2185,0.5586
2020-06-11,0.0472,0.1037,0.2153,0.5534
2020-06-12,0.0578,0.0977,0.2189,0.5392
2020-06-15,0.055,0.0865,0.2286,0.547
2020-06-16,0.0496,0.0901,0.2356,0.5535
2020-06-17,0.0424,0.0963,0.2378,0.5583
2020-06-18,0.0445,0.0992,0.2287,0.5489
2020-06-19,0.0563,0.0947,0.2231,0.5422
2020-06-22,0.0592,0.085,0.2243,0.5532
2020-06-23,0.0597,0.0881,0.2294,0.5528
2020-06-24,0.0601,0.0918,0.2268,0.5673
2020-06-25,0.0498,0.0872,0.2252,0.5607
2020-06-26,0.0447,0.0952,0.212,0.57
2020-06-29,0.0324,0.099,0.2172,0.5651
2020-06-30,0.0362,0.1083,0.2207,0.5694
2020-07-01,0.0324,0.0929,0.2293,0.5661
2020-07-02,0.0401,0.0842,0.2372,0.5681
2020-07-03,0.0408,0.0917,0.2289,0.5658
2020-07-06,0.0399,0.0905,0.2309,0.5618
2020-07-07,0.0315,0.0939,0.2215,0.5684
2020-07-08,0.034,0.0819,0.2253,0.5624
2020-07-09,0.0454,0.0999,0.2235,0.5638
2020-07-10,0.0604,0.0983,0.2241,0.5545
2020-07-13,0.0729,0.1065,0.2284,0.5618
2020-07-14,0.0707,0.1054,0.2357,0.5598
2020-07-15,0.0556,0.1181,0.235,0.5616
2020-07-16,0.0302,0.1151,0.2347,0.559
2020-07-17,0.0294,0.1143,0.2242,0.5534
2020-07-20,0.0298,0.098,0.2276,0.5526
2020-07-21,0.0383,0.105,0.2196,0.5482
2020-07-22,0.0337,0.0994,0.2284,0.5476
2020-07-23,0.037,0.1041,0.2355,0.5485
2020-07-24,0.0442,0.0982,0.2386,0.5567
2020-07-27,0.0477,0.0944,0.2217,0.5687
2020-07-28,0.0474,0.0985,0.2078,0.571
2020-07-29,0.0368,0.1035,0.2144,0.5592
2020-07-30,0.0275,0.1129,0.228,0.55
2020-07-31,0.0257,0.1039,0.2319,0.5572
2020-08-03,0.0302,0.0987,0.2303,0.5623
2020-08-04,0.0473,0.101,0.2299,0.5724
2020-08-05,0.0502,0.0997,0.2346,0.5594
2020-08-06,0.0553,0.095,0.234,0.5652
2020-08-07,0.0438,0.0958,0.239,0.5592
2020-08-10,0.0368,0.1068,0.2343,0.5662
2020-08-11,0.0269,0.1143,0.2341,0.5667
2020-08-12,0.0257,0.1193,0.2248,0.5678
2020-08-13,0.0421,0.1204,0.2199,0.56
2020-08-14,0.0427,0.1217,0.2238,0.5609
2020-08-17,0.0501,0.1263,0.226,0.5578
2020-08-18,0.0348,0.123,0.2329,0.5654
2020-08-19,0.0434,0.1158,0.2248,0.5774
2020-08-20,0.041,0.1045,0.2207,0.5905
2020-08-21,0.0446,0.1078,0.2165,0.5921
2020-08-24,0.0393,0.1094,0.2227,0.5793
2020-08-25,0.034,0.1022,0.2283,0.5631
2020-08-26,0.0369,0.1117,0.2195,0.5531
2020-08-27,0.0347,0.116,0.2111,0.5602
2020-08-28,0.0317,0.1176,0.2171,0.5661
2020-08-31,0.0226,0.1109,0.2242,0.5699
2020-09-01,0.0256,0.1089,0.2161,0.5629
2020-09-02,0.0395,0.1113,0.2165,0.5618
2020-09-03,0.0466,0.1097,0.2209,0.5594
2020-09-04,0.045,0.1038,0.2294,0.5602
2020-09-07,0.0381,0.1071,0.2177,0.5617
2020-09-08,0.0437,0.114,0.2195,0.5644
2020-09-09,0.0452,0.1229,0.217,0.561
2020-09-10,0.0416,0.1193,0.2245,0.5683
2020-09-11,0.0405,0.1073,0.2216,0.571
2020-09-14,0.0411,0.1032,0.2252,0.5748
2020-09-15,0.0507,0.1039,0.22,0.5754
2020-09-16,0.0459,0.1047,0.2163,0.576
2020-09-17,0.0375,0.1114,0.2202,0.5758
2020-09-18,0.0229,0.1041,0.215,0.5754
2020-09-21,0.0298,0.1105,0.2073,0.5801
2020-09-22,0.0444,0.1042,0.205,0.581
2020-09-23,0.0502,0.1148,0.2124,0.5793
2020-09-24,0.0399,0.105,0.2227,0.5723
2020-09-25,0.0385,0.1136,0.2216,0.5689
2020-09-28,0.0334,0.1182,0.2164,0.5731
2020-09-29,0.0307,0.1287,0.2178,0.5794
2020-09-30,0.0265,0.1146,0.2154,0.5862
2020-10-01,0.0299,0.1126,0.2144,0.584
2020-10-02,0.0342,0.1099,0.2088,0.5823
2020-10-05,0.0298,0.1098,0.2187,0.5841
2020-10-06,0.0333,0.1056,0.2123,0.5877
2020-10-07,0.0402,0.1055,0.2162,0.5922
2020-10-08,0.0413,0.1164,0.1976,0.5885
2020-10-09,0.0427,0.1175,0.2056,0.5909
2020-10-12,0.025,0.1174,0.2005,0.5882
2020-10-13,0.0242,0.1221,0.1983,0.5921
2020-10-14,0.0166,0.1274,0.2007,0.5868
2020-10-15,0.0206,0.1117,0.2008,0.5871
2020-10-16,0.0164,0.1028,0.2006,0.5805
2020-10-19,0.0185,0.0962,0.2024,0.5833
2020-10-20,0.029,0.1018,0.2114,0.5965
2020-10-21,0.0266,0.104,0.2292,0.5986
2020-10-22,0.0283,0.1111,0.2267,0.5957
2020-10-23,0.0212,0.1146,0.2196,0.5794
2020-10-26,0.0258,0.116,0.2183,0.5796
2020-10-27,0.0305,0.1053,0.2248,0.5872
2020-10-28,0.0355,0.1075,0.2301,0.5862
2020-10-29,0.0437,0.1133,0.2186,0.5865
2020-10-30,0.0377,0.1152,0.2111,0.5711
2020-11-02,0.0311,0.1212,0.2072,0.5714
2020-11-03,0.0232,0.1045,0.2027,0.5654
2020-11-04,0.025,0.1166,0.2039,0.5768
2020-11-05,0.0293,0.1174,0.213,0.5948
2020-11-06,0.0248,0.126,0.2251,0.6017
2020-11-09,0.0237,0.1198,0.2297,0.5909
2020-11-10,0.0238,0.1098,0.2191,0.5817
2020-11-11,0.0416,0.1168,0.2154,0.5801
2020-11-12,0.0504,0.1124,0.2098,0.5952
2020-11-13,0.0449,0.1185,0.2047,0.5895
2020-11-16,0.0305,0.1104,0.1998,0.5906
2020-11-17,0.0136,0.1092,0.2041,0.5835
2020-11-18,0.0148,0.1138,0.2149,0.5889
2020-11-19,0.0177,0.1176,0.2146,0.5912
2020-11-20,0.0309,0.1239,0.213,0.5898
2020-11-23,0.0298,0.1206,0.2053,0.5857
2020-11-24,0.0248,0.122,0.2118,0.5807
2020-11-25,0.01,0.1167,0.2091,0.5854
2020-11-26,0.0106,0.128,0.2144,0.5777
2020-11-27,0.01,0.1177,0.2129,0.5821
2020-11-30,0.0161,0.1264,0.2173,0.5846
2020-12-01,0.0124,0.1222,0.2137,0.5953
2020-12-02,0.0171,0.1258,0.2163,0.6007
2020-12-03,0.0108,0.1308,0.2049,0.5968
2020-12-04,0.01,0.129,0.214,0.6013
2020-12-07,0.0184,0.1384,0.2128,0.6037
2020-12-08,0.0206,0.1275,0.2204,0.6065
2020-12-09,0.0223,0.1215,0.2015,0.6055
2020-12-10,0.0207,0.1157,0.1949,0.6049
2020-12-11,0.0415,0.1176,0.1974,0.6007
2020-12-14,0.0408,0.126,0.2064,0.59
2020-12-15,0.0296,0.128,0.2008,0.5886
2020-12-16,0.0166,0.1216,0.1997,0.5937
2020-12-17,0.031,0.1188,0.1954,0.6061
2020-12-18,0.0278,0.1226,0.2119,0.5996
2020-12-21,0.0244,0.1307,0.2058,0.593
2020-12-22,0.0195,0.1304,0.2094,0.5901
2020-12-23,0.0265,0.1245,0.2081,0.5946
2020-12-24,0.0257,0.1167,0.204,0.59
2020-12-25,0.021,0.1087,0.1978,0.5898
2020-12-28,0.0115,0.1022,0.1905,0.5816
2020-12-29,0.0121,0.1081,0.199,0.5865
2020-12-30,0.0113,0.1121,0.1972,0.5916
2020-12-31,0.0192,0.1182,0.1897,0.6102
2021-01-01,0.0175,0.1023,0.1895,0.6091
2021-01-04,0.0207,0.0968,0.1928,0.6014
2021-01-05,0.0248,0.1058,0.2027,0.5964
2021-01-06,0.0286,0.1185,0.1928,0.6153
2021-01-07,0.0282,0.1277,0.1959,0.6184
2021-01-08,0.0236,0.1164,0.2013,0.6197
2021-01-11,0.0234,0.1306,0.2258,0.6303
2021-01-12,0.0183,0.1292,0.2289,0.6348
2021-01-13,0.0198,0.1389,0.2407,0.6448
2021-01-14,0.0195,0.1445,0.2361,0.6335
2021-01-15,0.0338,0.154,0.2401,0.6385
2021-01-18,0.0407,0.1547,0.25,0.6383
2021-01-19,0.0433,0.1413,0.258,0.6444
2021-01-20,0.0292,0.1333,0.2622,0.6533
2021-01-21,0.016,0.1386,0.2573,0.6653
2021-01-22,0.0202,0.1423,0.2665,0.6729
2021-01-25,0.026,0.1456,0.2871,0.6767
2021-01-26,0.0341,0.1516,0.2873,0.6798
2021-01-27,0.0197,0.1528,0.2838,0.6868
2021-01-28,0.0232,0.1675,0.2805,0.6994
2021-01-29,0.0233,0.1618,0.2831,0.6913
2021-02-01,0.027,0.1749,0.2936,0.6974
2021-02-02,0.0202,0.1664,0.2967,0.6972
2021-02-03,0.0195,0.172,0.3109,0.7137
2021-02-04,0.0255,0.1607,0.3207,0.7238
2021-02-05,0.0266,0.1558,0.3225,0.7283
2021-02-08,0.0254,0.157,0.3263,0.739
2021-02-09,0.0241,0.1668,0.3271,0.7383
2021-02-10,0.0265,0.1724,0.3293,0.7396
2021-02-11,0.0346,0.1649,0.3369,0.7508
2021-02-12,0.0232,0.1544,0.3366,0.7537
2021-02-15,0.0219,0.1507,0.3452,0.7664
2021-02-16,0.0156,0.1495,0.341,0.7655
2021-02-17,0.0301,0.1581,0.3522,0.7808
2021-02-18,0.0296,0.1721,0.3598,0.7836
2021-02-19,0.0202,0.1821,0.3763,0.7914
2021-02-22,0.0209,0.1739,0.377,0.8015
2021-02-23,0.0316,0.1685,0.3828,0.8066
2021-02-24,0.0329,0.169,0.39,0.8047
2021-02-25,0.0358,0.192,0.3908,0.8008
2021-02-26,0.0258,0.1868,0.3834,0.8037
2021-03-01,0.0337,0.1893,0.3884,0.8208
2021-03-02,0.0243,0.1886,0.3931,0.8275
2021-03-03,0.0245,0.1994,0.406,0.8339
2021-03-04,0.0315,0.2054,0.4001,0.8279
2021-03-05,0.0399,0.1986,0.4091,0.8258
2021-03-08,0.0508,0.2017,0.415,0.8471
2021-03-09,0.0504,0.2039,0.4206,0.8558
2021-03-10,0.0499,0.2005,0.425,0.8607
2021-03-11,0.0502,0.2045,0.4282,0.861
2021-03-12,0.0467,0.195,0.4291,0.8673
2021-03-15,0.0492,0.2043,0.4357,0.8858
2021-03-16,0.0392,0.202,0.4371,0.8819
2021-03-17,0.0376,0.207,0.442,0.8828
2021-03-18,0.0302,0.2065,0.4478,0.8829
2021-03-19,0.0368,0.2037,0.4565,0.8806
2021-03-22,0.0312,0.2051,0.4678,0.8936
2021-03-23,0.0388,0.2046,0.4706,0.8998
2021-03-24,0.0331,0.2034,0.4728,0.9199
2021-03-25,0.045,0.2116,0.4812,0.9247
2021-03-26,0.0451,0.2089,0.492,0.9154
2021-03-29,0.0557,0.2216,0.5034,0.9175
2021-03-30,0.0537,0.2153,0.5059,0.9347
2021-03-31,0.0423,0.2194,0.5011,0.9546
2021-04-01,0.0331,0.2139,0.5087,0.9549
2021-04-02,0.0238,0.2277,0.5176,0.9481
2021-04-05,0.0297,0.2358,0.5319,0.9518
2021-04-06,0.0378,0.2391,0.5247,0.953
2021-04-07,0.047,0.2362,0.5227,0.9522
2021-04-08,0.0463,0.2252,0.5298,0.9603
2021-04-09,0.0339,0.2273,0.5411,0.9617
2021-04-12,0.0315,0.2384,0.5544,0.9694
2021-04-13,0.0291,0.2508,0.5483,0.9729
2021-04-14,0.031,0.2526,0.5455,0.9842
2021-04-15,0.0326,0.2466,0.5447,0.9958
2021-04-16,0.0447,0.2516,0.5429,0.9936
2021-04-19,0.0517,0.2449,0.5596,1.011
2021-04-20,0.0389,0.235,0.5689,1.007
2021-04-21,0.0348,0.2328,0.5716,1.0252
2021-04-22,0.0323,0.2404,0.5699,1.017
2021-04-23,0.046,0.2566,0.5619,1.0213
2021-04-26,0.0532,0.2576,0.5816,1.027
2021-04-27,0.0427,0.2527,0.5897,1.0478
2021-04-28,0.0379,0.2411,0.6054,1.0587
2021-04-29,0.033,0.2301,0.614,1.0634
2021-04-30,0.0356,0.2398,0.6218,1.0591
2021-05-03,0.0465,0.2489,0.6261,1.0641
2021-05-04,0.0456,0.2617,0.6268,1.0628
2021-05-05,0.058,0.2695,0.6235,1.0605
2021-05-06,0.0479,0.2776,0.6306,1.0632
2021-05-07,0.0504,0.2801,0.6266,1.0716
2021-05-10,0.0521,0.2677,0.6456,1.0838
2021-05-11,0.0563,0.266,0.6508,1.0957
2021-05-12,0.0536,0.2709,0.6609,1.0911
2021-05-13,0.0498,0.2843,0.6593,1.1021
2021-05-14,0.0446,0.2873,0.6589,1.102
2021-05-17,0.0433,0.2824,0.6541,1.1273
2021-05-18,0.0413,0.2921,0.66,1.1313
2021-05-19,0.0478,0.2836,0.661,1.1439
2021-05-20,0.0537,0.2944,0.6785,1.137
2021-05-21,0.0494,0.2771,0.6841,1.1396
2021-05-24,0.0475,0.2809,0.6948,1.1402
2021-05-25,0.0501,0.286,0.6929,1.1459
2021-05-26,0.0518,0.2943,0.6921,1.1482
2021-05-27,0.0486,0.3044,0.6964,1.1534
2021-05-28,0.0424,0.2992,0.7062,1.1533
2021-05-31,0.0509,0.3036,0.7182,1.1593
2021-06-01,0.0553,0.3075,0.7266,1.1552
2021-06-02,0.0638,0.3078,0.7217,1.1554
2021-06-03,0.0668,0.3022,0.7229,1.1651
2021-06-04,0.0738,0.2941,0.7253,1.1682
2021-06-07,0.0786,0.3062,0.7255,1.165
2021-06-08,0.0889,0.3198,0.7267,1.1703
2021-06-09,0.0866,0.3188,0.7185,1.1746
2021-06-10,0.0767,0.3151,0.7264,1.1825
2021-06-11,0.0759,0.313,0.7222,1.1762
2021-06-14,0.0834,0.3272,0.7277,1.181
2021-06-15,0.0968,0.3266,0.7399,1.1713
2021-06-16,0.0982,0.3291,0.7392,1.1663
2021-06-17,0.0954,0.3301,0.7354,1.1544
2021-06-18,0.0915,0.3435,0.7208,1.1737
2021-06-21,0.0856,0.3589,0.7392,1.1652
2021-06-22,0.0926,0.3646,0.7439,1.1675
2021-06-23,0.1039,0.3615,0.7514,1.1496
2021-06-24,0.1175,0.3609,0.7419,1.1495
2021-06-25,0.1257,0.3602,0.7407,1.161
2021-06-28,0.1251,0.3647,0.7431,1.1766
2021-06-29,0.1139,0.362,0.7585,1.1812
2021-06-30,0.1156,0.3656,0.7714,1.1673
2021-07-01,0.1232,0.3683,0.7694,1.1434
2021-07-02,0.14,0.3765,0.7615,1.1441
2021-07-05,0.1519,0.3915,0.7538,1.1474
2021-07-06,0.1579,0.3922,0.7504,1.1548
2021-07-07,0.1623,0.3942,0.7534,1.1566
2021-07-08,0.1628,0.3922,0.7645,1.1596
2021-07-09,0.1677,0.4046,0.7797,1.1639
2021-07-12,0.169,0.4126,0.7757,1.1596
2021-07-13,0.1699,0.4091,0.7702,1.1516
2021-07-14,0.1711,0.4038,0.7699,1.1527
2021-07-15,0.1816,0.4068,0.7754,1.1538
2021-07-16,0.1834,0.4219,0.7754,1.1632
2021-07-19,0.1938,0.4254,0.767,1.1622
2021-07-20,0.1912,0.4297,0.7667,1.1545
2021-07-21,0.1955,0.4332,0.7752,1.1423
2021-07-22,0.1999,0.4463,0.7785,1.1341
2021-07-23,0.1942,0.45,0.7823,1.1354
2021-07-26,0.197,0.4487,0.782,1.1447
2021-07-27,0.1883,0.4516,0.7929,1.1497
2021-07-28,0.1895,0.4435,0.7952,1.1599
2021-07-29,0.1955,0.438,0.7912,1.1575
2021-07-30,0.2096,0.4461,0.7805,1.1563
2021-08-02,0.2285,0.4575,0.7769,1.1551
2021-08-03,0.2358,0.4696,0.786,1.155
2021-08-04,0.2404,0.4607,0.7925,1.1537
2021-08-05,0.2513,0.4613,0.7929,1.1546
2021-08-06,0.2529,0.4655,0.7805,1.1523
2021-08-09,0.2629,0.477,0.7954,1.1488
2021-08-10,0.2596,0.4886,0.8041,1.1366
2021-08-11,0.2587,0.4945,0.8182,1.139
2021-08-12,0.2518,0.5025,0.8154,1.1462
2021-08-13,0.2469,0.5045,0.8153,1.1496
2021-08-16,0.2553,0.5183,0.8137,1.1509
2021-08-17,0.2594,0.5141,0.8092,1.1344
2021-08-18,0.2737,0.5154,0.8053,1.1338
2021-08-19,0.2896,0.5159,0.8209,1.1265
2021-08-20,0.2874,0.5303,0.8256,1.1322
2021-08-23,0.294,0.5317,0.8289,1.1427
2021-08-24,0.2831,0.5272,0.8192,1.1421
2021-08-25,0.2953,0.5304,0.8125,1.1431
2021-08-26,0.2956,0.5427,0.8235,1.1308
2021-08-27,0.2945,0.548,0.819,1.1205
2021-08-30,0.3055,0.5483,0.83,1.1171
2021-08-31,0.306,0.5466,0.829,1.1214
2021-09-01,0.3154,0.5498,0.8353,1.1277
2021-09-02,0.3083,0.5524,0.8344,1.1268
2021-09-03,0.311,0.5568,0.8303,1.1279
2021-09-06,0.3244,0.5639,0.8316,1.1361
2021-09-07,0.3317,0.5645,0.8293,1.1423
2021-09-08,0.3396,0.5702,0.8282,1.1329
2021-09-09,0.3421,0.5871,0.837,1.1245
2021-09-10,0.3526,0.5843,0.8405,1.1173
2021-09-13,0.3579,0.5915,0.8423,1.113
2021-09-14,0.3516,0.5758,0.8334,1.1084
2021-09-15,0.3532,0.5903,0.8406,1.1088
2021-09-16,0.3562,0.5917,0.8491,1.108
2021-09-17,0.372,0.602,0.8556,1.1049
2021-09-20,0.3773,0.6132,0.8523,1.1074
2021-09-21,0.3812,0.6167,0.8529,1.1132
2021-09-22,0.3803,0.6212,0.848,1.129
2021-09-23,0.391,0.6064,0.8492,1.124
2021-09-24,0.4049,0.6161,0.8523,1.1238
2021-09-27,0.4122,0.6205,0.8633,1.1152
2021-09-28,0.4062,0.6404,0.8609,1.1167
2021-09-29,0.4041,0.629,0.8529,1.1184
2021-09-30,0.4024,0.6257,0.8502,1.1202
2021-10-01,0.4062,0.6238,0.8649,1.1226
2021-10-04,0.4093,0.638,0.863,1.1159
2021-10-05,0.418,0.6463,0.865,1.1097
2021-10-06,0.4151,0.6537,0.8507,1.1007
2021-10-07,0.4102,0.6477,0.8582,1.0974
2021-10-08,0.4011,0.6539,0.8562,1.0955
2021-10-11,0.4084,0.6567,0.8644,1.0951
2021-10-12,0.4169,0.6673,0.866,1.1008
2021-10-13,0.4287,0.6578,0.869,1.1093
2021-10-14,0.4469,0.663,0.8696,1.1099
2021-10-15,0.4576,0.6547,0.8661,1.1085
2021-10-18,0.463,0.6735,0.8734,1.0958
2021-10-19,0.4579,0.6662,0.881,1.0982
2021-10-20,0.4533,0.6813,0.8937,1.0928
2021-10-21,0.4595,0.6802,0.8832,1.1004
2021-10-22,0.4616,0.6962,0.8821,1.098
2021-10-25,0.4754,0.7033,0.8847,1.1049
2021-10-26,0.4781,0.7031,0.8884,1.1001
2021-10-27,0.4854,0.6975,0.8881,1.0997
2021-10-28,0.4794,0.7075,0.8853,1.0878
2021-10-29,0.4841,0.7163,0.9008,1.0898
2021-11-01,0.5004,0.7252,0.9138,1.0959
2021-11-02,0.5101,0.7203,0.9072,1.103
2021-11-03,0.5202,0.7126,0.9116,1.1123
2021-11-04,0.5105,0.7192,0.8986,1.1145
2021-11-05,0.5152,0.7143,0.913,1.111
2021-11-08,0.5165,0.7341,0.9088,1.0966
2021-11-09,0.5181,0.7355,0.9095,1.0912
2021-11-10,0.5141,0.759,0.9082,1.088
2021-11-11,0.5195,0.7524,0.904,1.0949
2021-11-12,0.519,0.754,0.9129,1.0938
2021-11-15,0.5349,0.7593,0.915,1.0977
2021-11-16,0.5411,0.7735,0.9227,1.0947
2021-11-17,0.55,0.7732,0.9214,1.101
2021-11-18,0.5482,0.7681,0.9206,1.1
2021-11-19,0.5479,0.7649,0.9212,1.0955
2021-11-22,0.5532,0.7779,0.9272,1.0928
2021-11-23,0.5622,0.7761,0.9329,1.0962
2021-11-24,0.5537,0.7783,0.9252,1.0946
2021-11-25,0.5565,0.7717,0.9182,1.0865
2021-11-26,0.5447,0.7786,0.9129,1.0821
2021-11-29,0.5551,0.7895,0.9165,1.0839
2021-11-30,0.5665,0.7991,0.9268,1.0765
2021-12-01,0.5838,0.793,0.9357,1.0673
2021-12-02,0.5959,0.7994,0.9411,1.0623
2021-12-03,0.5897,0.806,0.9473,1.0655
2021-12-06,0.595,0.8213,0.9584,1.0736
2021-12-07,0.604,0.8186,0.9634,1.0824
2021-12-08,0.6318,0.8129,0.9552,1.0876
2021-12-09,0.657,0.8151,0.9592,1.093
2021-12-10,0.6651,0.8174,0.9607,1.0849
2021-12-13,0.6799,0.842,0.9746,1.0871
2021-12-14,0.6781,0.8475,0.968,1.0903
2021-12-15,0.6876,0.8571,0.9669,1.1006
2021-12-16,0.6939,0.8519,0.962,1.1005
2021-12-17,0.7095,0.8599,0.9699,1.0996
2021-12-20,0.7395,0.8669,0.9795,1.1112
2021-12-21,0.7489,0.8776,1.0052,1.116
2021-12-22,0.7608,0.8773,0.9996,1.1129
2021-12-23,0.7616,0.8738,1.0002,1.1022
2021-12-24,0.7726,0.8662,0.9905,1.104
2021-12-27,0.8019,0.8771,1.0127,1.1104
2021-12-28,0.8087,0.8824,1.0223,1.1123
2021-12-29,0.8079,0.895,1.0257,1.1058
2021-12-30,0.8147,0.8989,1.0118,1.103
2021-12-31,0.8267,0.9207,1.0112,1.1036
2022-01-03,0.8627,0.9209,1.012,1.1136
2022-01-04,0.8626,0.9312,1.0183,1.1226
2022-01-05,0.8796,0.9207,1.0287,1.1295
2022-01-06,0.882,0.934,1.0294,1.1376
2022-01-07,0.8943,0.9407,1.0387,1.1519
2022-01-10,0.9212,0.9557,1.0549,1.1734
2022-01-11,0.9275,0.9664,1.0685,1.1821
2022-01-12,0.9303,0.9822,1.0836,1.1819
2022-01-13,0.929,0.9986,1.0943,1.1923
2022-01-14,0.9418,1.0057,1.1094,1.1992
2022-01-17,0.965,1.0224,1.1306,1.2273
2022-01-18,0.9792,1.0309,1.1413,1.235
2022-01-19,0.983,1.0337,1.1433,1.2431
2022-01-20,1.0054,1.0242,1.1476,1.2453
2022-01-21,0.999,1.0352,1.1509,1.25
2022-01-24,1.024,1.0586,1.1711,1.2734
2022-01-25,1.0186,1.072,1.1741,1.2777
2022-01-26,1.0353,1.0764,1.1764,1.2803
2022-01-27,1.0492,1.0811,1.1781,1.2829
2022-01-28,1.0655,1.0905,1.1886,1.2953
2022-01-31,1.0947,1.114,1.2093,1.3154
2022-02-01,1.1014,1.1172,1.2166,1.3211
2022-02-02,1.1121,1.1321,1.2176,1.3256
2022-02-03,1.1171,1.1291,1.2185,1.3256
2022-02-04,1.1302,1.1395,1.2333,1.3319
2022-02-07,1.1588,1.1649,1.2564,1.3527
2022-02-08,1.1746,1.1846,1.2647,1.3699
2022-02-09,1.1826,1.1954,1.2703,1.3851
2022-02-10,1.1895,1.1881,1.2736,1.3869
2022-02-11,1.2065,1.1868,1.2774,1.3906
2022-02-14,1.2296,1.2078,1.2979,1.3915
2022-02-15,1.2354,1.2197,1.3045,1.4022
2022-02-16,1.2302,1.2289,1.316,1.4113
2022-02-17,1.2343,1.2354,1.3176,1.4289
2022-02-18,1.2384,1.2411,1.3325,1.4438
2022-02-21,1.264,1.2554,1.3541,1.4712
2022-02-22,1.2776,1.26,1.3544,1.4811
2022-02-23,1.2942,1.2727,1.3579,1.4807
2022-02-24,1.3077,1.2801,1.3618,1.4886
2022-02-25,1.313,1.2887,1.3838,1.4951
2022-02-28,1.3422,1.3011,1.4005,1.5139
2022-03-01,1.3544,1.3155,1.3983,1.5072
2022-03-02,1.3683,1.3239,1.3995,1.5152
2022-03-03,1.3714,1.3447,1.4182,1.5332
2022-03-04,1.3813,1.356,1.4461,1.5633
2022-03-07,1.4156,1.3794,1.4802,1.5961
2022-03-08,1.4225,1.3848,1.4743,1.5986
2022-03-09,1.4303,1.3877,1.4799,1.5914
2022-03-10,1.4416,1.4007,1.4761,1.604
2022-03-11,1.4552,1.4083,1.4912,1.6091
2022-03-14,1.4891,1.4377,1.507,1.6481
2022-03-15,1.4914,1.4544,1.5163,1.6595
2022-03-16,1.5134,1.4584,1.5207,1.6807
2022-03-17,1.5296,1.4671,1.5405,1.6869
2022-03-18,1.5464,1.4687,1.5566,1.6958
2022-03-21,1.5742,1.4978,1.5881,1.7248
2022-03-22,1.5668,1.5157,1.5858,1.7321
2022-03-23,1.5731,1.5315,1.5892,1.7486
2022-03-24,1.5807,1.5522,1.593,1.7561
2022-03-25,1.5983,1.5674,1.613,1.774
2022-03-28,1.6402,1.5871,1.6472,1.783
2022-03-29,1.6625,1.5883,1.6651,1.8012
2022-03-30,1.6729,1.5804,1.6659,1.8148
2022-03-31,1.676,1.591,1.6552,1.8371
2022-04-01,1.6781,1.5969,1.65,1.8437
2022-04-04,1.7246,1.6255,1.6876,1.8694
2022-04-05,1.7336,1.6335,1.7082,1.8762
2022-04-06,1.7445,1.6453,1.7222,1.8862
2022-04-07,1.7564,1.6538,1.7322,1.8895
2022-04-08,1.7651,1.6726,1.7495,1.8998
2022-04-11,1.7901,1.6968,1.7801,1.933
2022-04-12,1.7897,1.7263,1.7793,1.952
2022-04-13,1.8063,1.7292,1.7813,1.9617
2022-04-14,1.8276,1.7435,1.7912,1.9625
2022-04-15,1.8418,1.7323,1.8096,1.9645
2022-04-18,1.8681,1.7711,1.8391,2.002
2022-04-19,1.8775,1.7857,1.8505,2.0108
2022-04-20,1.8843,1.803,1.8572,2.0259
2022-04-21,1.9104,1.7971,1.8582,2.0361
2022-04-22,1.9156,1.8019,1.8673,2.0507
2022-04-25,1.9479,1.8228,1.8867,2.0843
2022-04-26,1.9551,1.8462,1.8889,2.0892
2022-04-27,1.9729,1.8586,1.8833,2.0987
2022-04-28,1.9892,1.874,1.8886,2.0988
2022-04-29,1.9889,1.8639,1.9128,2.1155
2022-05-02,2.0204,1.8829,1.9507,2.1431
2022-05-03,2.0239,1.8953,1.9657,2.1598
2022-05-04,2.0443,1.9228,1.9817,2.1645
2022-05-05,2.0454,1.9427,1.9837,2.1732
2022-05-06,2.0637,1.9406,1.9915,2.1785
2022-05-09,2.0911,1.9641,2.01,2.2161
2022-05-10,2.1027,1.973,2.0216,2.2325
2022-05-11,2.1149,1.982,2.0308,2.2406
2022-05-12,2.131,1.9898,2.0302,2.2453
2022-05-13,2.1452,1.9954,2.0498,2.2537
2022-05-16,2.1815,2.0303,2.073,2.3063
2022-05-17,2.1889,2.0304,2.1001,2.3163
2022-05-18,2.203,2.0367,2.1018,2.3253
2022-05-19,2.208,2.046,2.1193,2.3252
2022-05-20,2.218,2.0638,2.1178,2.3247
2022-05-23,2.2528,2.0907,2.1445,2.3574
2022-05-24,2.2596,2.0994,2.1454,2.3704
2022-05-25,2.2715,2.1093,2.1551,2.3891
2022-05-26,2.2869,2.1237,2.1658,2.3901
2022-05-27,2.2952,2.1338,2.1737,2.3882
2022-05-30,2.3178,2.1599,2.1992,2.4264
2022-05-31,2.3299,2.1675,2.2035,2.4471
2022-06-01,2.3587,2.1688,2.2278,2.455
2022-06-02,2.3807,2.1845,2.2376,2.4562
2022-06-03,2.3749,2.1954,2.2579,2.4635
2022-06-06,2.3965,2.2391,2.2741,2.5054
2022-06-07,2.4091,2.2528,2.2854,2.5274
2022-06-08,2.4298,2.2544,2.2807,2.5475
2022-06-09,2.4377,2.2556,2.289,2.5599
2022-06-10,2.454,2.2635,2.2983,2.5585
2022-06-13,2.4934,2.3071,2.3415,2.5825
2022-06-14,2.5035,2.3291,2.3544,2.5948
2022-06-15,2.516,2.3368,2.3699,2.6067
2022-06-16,2.5356,2.3514,2.3747,2.6242
2022-06-17,2.5559,2.3665,2.3913,2.635
2022-06-20,2.5866,2.4052,2.4128,2.6719
2022-06-21,2.5876,2.4119,2.4311,2.6798
2022-06-22,2.6018,2.408,2.4301,2.6898
2022-06-23,2.6068,2.4207,2.4361,2.71
2022-06-24,2.6202,2.4394,2.4277,2.7324
2022-06-27,2.6511,2.4871,2.4705,2.7717
2022-06-28,2.6809,2.4902,2.488,2.7815
2022-06-29,2.6912,2.4987,2.5019,2.7845
2022-06-30,2.7134,2.5111,2.5061,2.788
2022-07-01,2.7106,2.5346,2.515,2.7971
2022-07-04,2.7503,2.5608,2.5552,2.8387
2022-07-05,2.7555,2.5666,2.5507,2.8577
2022-07-06,2.7687,2.5739,2.5555,2.8617
2022-07-07,2.7786,2.5898,2.553,2.8677
2022-07-08,2.795,2.5967,2.5604,2.884
2022-07-11,2.8336,2.6289,2.5957,2.9308
2022-07-12,2.8362,2.6429,2.6063,2.9396
2022-07-13,2.842,2.6602,2.6294,2.9573
2022-07-14,2.8511,2.6705,2.6454,2.9687
2022-07-15,2.8698,2.6776,2.6546,2.9896
2022-07-18,2.9053,2.7185,2.6775,3.0157
2022-07-19,2.9133,2.7242,2.6759,3.026
2022-07-20,2.9189,2.7339,2.6921,3.0324
2022-07-21,2.9336,2.7378,2.701,3.053
2022-07-22,2.9515,2.758,2.7068,3.0718
2022-07-25,2.9826,2.7874,2.7358,3.1154
2022-07-26,2.9961,2.7921,2.7501,3.1196
2022-07-27,3.012,2.7888,2.7526,3.1215
2022-07-28,3.0332,2.8078,2.7508,3.1358
2022-07-29,3.0347,2.82,2.7659,3.1406
2022-08-01,3.0734,2.8622,2.8069,3.1829
2022-08-02,3.0906,2.8767,2.8187,3.1803
2022-08-03,3.1211,2.8904,2.82,3.1863
2022-08-04,3.131,2.9047,2.8276,3.1984
2022-08-05,3.1431,2.9112,2.8446,3.2145
2022-08-08,3.1662,2.9517,2.8674,3.2506
2022-08-09,3.1802,2.9642,2.8727,3.2637
2022-08-10,3.1933,2.9736,2.8799,3.2903
2022-08-11,3.2124,2.9807,2.8958,3.3192
2022-08-12,3.2176,2.9948,2.9124,3.3271
2022-08-15,3.2482,3.0342,2.9336,3.3524
2022-08-16,3.2515,3.0393,2.9455,3.3619
2022-08-17,3.27,3.0487,2.9576,3.3807
2022-08-18,3.2917,3.0526,2.9758,3.3909
2022-08-19,3.3037,3.078,2.9842,3.3986
2022-08-22,3.3335,3.1137,3.007,3.4304
2022-08-23,3.3395,3.1319,3.01,3.4468
2022-08-24,3.3526,3.1369,3.0185,3.458
2022-08-25,3.3714,3.1421,3.0348,3.4678
2022-08-26,3.3705,3.1553,3.048,3.4839
2022-08-29,3.4035,3.1866,3.0726,3.5265
2022-08-30,3.4068,3.2001,3.0734,3.5414
2022-08-31,3.4184,3.2124,3.0845,3.5551
2022-09-01,3.4297,3.2227,3.0967,3.5591
2022-09-02,3.4546,3.2441,3.1313,3.5904
2022-09-05,3.5419,3.3105,3.2222,3.6612
2022-09-06,3.5779,3.3335,3.2583,3.7051
2022-09-07,3.6068,3.3531,3.2928,3.7166
2022-09-08,3.6283,3.3883,3.3249,3.736
2022-09-09,3.648,3.4282,3.3456,3.7473
2022-09-12,3.7312,3.5212,3.4232,3.832
2022-09-13,3.7571,3.535,3.4476,3.8708
2022-09-14,3.7784,3.5552,3.4798,3.891
2022-09-15,3.8015,3.5807,3.5084,3.9191
2022-09-16,3.8309,3.6122,3.5364,3.9407
2022-09-19,3.9154,3.6858,3.6255,4.0243
2022-09-20,3.9381,3.6942,3.6576,4.0406
2022-09-21,3.9683,3.7234,3.688,4.0674
2022-09-22,3.9855,3.7432,3.7261,4.0956
2022-09-23,4.0111,3.7798,3.7602,4.129
2022-09-26,4.0832,3.8474,3.8634,4.1997
2022-09-27,4.1079,3.881,3.8882,4.2203
2022-09-28,4.1257,3.9107,3.9155,4.2425
2022-09-29,4.1558,3.9402,3.9329,4.2702
2022-09-30,4.1857,3.9574,3.9631,4.2948
2022-10-03,4.2652,4.0182,4.056,4.3677
2022-10-04,4.2868,4.0464,4.0962,4.3849
2022-10-05,4.3198,4.0747,4.1204,4.4065
2022-10-06,4.3391,4.1034,4.1523,4.4375
2022-10-07,4.3577,4.1325,4.1727,4.4681
2022-10-10,4.4242,4.2099,4.2584,4.5497
2022-10-11,4.4685,4.2379,4.2877,4.5767
2022-10-12,4.5029,4.2584,4.3228,4.5993
2022-10-13,4.537,4.2916,4.3561,4.6311
2022-10-14,4.5495,4.3256,4.382,4.6529
2022-10-17,4.4894,4.2765,4.2902,4.5819
2022-10-18,4.4701,4.2571,4.2625,4.5531
2022-10-19,4.4584,4.2312,4.2422,4.5213
2022-10-20,4.449,4.215,4.2229,4.4955
2022-10-21,4.4281,4.1955,4.198,4.4741
2022-10-24,4.3761,4.1477,4.117,4.4027
2022-10-25,4.3565,4.1326,4.0911,4.3883
2022-10-26,4.3436,4.1109,4.0687,4.367
2022-10-27,4.3285,4.0987,4.0456,4.3498
2022-10-28,4.3019,4.0822,4.0168,4.3218
2022-10-31,4.2337,4.0203,3.9377,4.2479
2022-11-01,4.2169,4.0066,3.9092,4.2235
2022-11-02,4.2133,3.9715,3.8942,4.2024
2022-11-03,4.2017,3.966,3.8793,4.1695
2022-11-04,4.1697,3.9481,3.8496,4.1455
2022-11-07,4.1111,3.9105,3.7726,4.0653
2022-11-08,4.1031,3.8891,3.7368,4.0464
2022-11-09,4.1037,3.8614,3.7236,4.0306
2022-11-10,4.0881,3.8511,3.6877,4.0097
2022-11-11,4.0639,3.8317,3.6726,3.9777
2022-11-14,3.9973,3.7916,3.5833,3.8946
2022-11-15,3.9771,3.7691,3.5734,3.8735
2022-11-16,3.9597,3.7557,3.5441,3.8652
2022-11-17,3.9414,3.73,3.5167,3.8486
2022-11-18,3.9339,3.7081,3.4784,3.8207
2022-11-21,3.8912,3.6672,3.4025,3.7434
2022-11-22,3.8842,3.6567,3.3872,3.7163
2022-11-23,3.8517,3.6361,3.3638,3.6924
2022-11-24,3.8293,3.6126,3.3345,3.6598
2022-11-25,3.8091,3.5876,3.3074,3.6441
2022-11-28,3.7628,3.5514,3.2315,3.5614
2022-11-29,3.7471,3.5296,3.1992,3.5463
2022-11-30,3.7293,3.5248,3.1658,3.5129
2022-12-01,3.7131,3.5011,3.1406,3.4996
2022-12-02,3.7141,3.5056,3.158,3.507
2022-12-05,3.7247,3.5048,3.1847,3.5145
2022-12-06,3.7161,3.5045,3.1922,3.516
2022-12-07,3.7174,3.5075,3.1924,3.5098
2022-12-08,3.7169,3.5149,3.1929,3.5183
2022-12-09,3.7235,3.5163,3.1906,3.5224
2022-12-12,3.7436,3.5225,3.2029,3.5239
2022-12-13,3.759,3.5236,3.1998,3.5204
2022-12-14,3.7763,3.5243,3.2018,3.532
2022-12-15,3.7732,3.535,3.209,3.5431
2022-12-16,3.7753,3.5359,3.2189,3.5526
2022-12-19,3.7807,3.5512,3.2431,3.5536
2022-12-20,3.7844,3.5685,3.249,3.5528
2022-12-21,3.7763,3.5769,3.2542,3.5618
2022-12-22,3.7822,3.586,3.2583,3.5651
2022-12-23,3.7855,3.5707,3.2602,3.5691
2022-12-26,3.7966,3.5778,3.2756,3.5749
2022-12-27,3.7984,3.5812,3.274,3.5751
2022-12-28,3.8017,3.5885,3.2809,3.5773
2022-12-29,3.8212,3.5998,3.287,3.5748
2022-12-30,3.83,3.5963,3.2922,3.5813
2023-01-02,3.8425,3.6106,3.3051,3.5943
2023-01-03,3.8388,3.6067,3.3035,3.6076
2023-01-04,3.8386,3.6171,3.309,3.6121
2023-01-05,3.8416,3.6189,3.308,3.6019
2023-01-06,3.839,3.624,3.3223,3.5959
2023-01-09,3.8501,3.6326,3.3447,3.6032
2023-01-10,3.8514,3.6357,3.3579,3.6182
2023-01-11,3.8546,3.6431,3.3663,3.6207
2023-01-12,3.8619,3.649,3.3648,3.6232
2023-01-13,3.8716,3.6558,3.3821,3.6257
2023-01-16,3.8811,3.6618,3.3857,3.6362
2023-01-17,3.8819,3.6682,3.3927,3.6365
2023-01-18,3.889,3.671,3.3804,3.635
2023-01-19,3.9072,3.6751,3.3882,3.6499
2023-01-20,3.917,3.6752,3.396,3.652
2023-01-23,3.9243,3.6955,3.4119,3.6659
2023-01-24,3.9188,3.6939,3.4238,3.6462
2023-01-25,3.9123,3.7008,3.4256,3.6533
2023-01-26,3.9179,3.6864,3.4324,3.651
2023-01-27,3.928,3.6977,3.4238,3.6592
2023-01-30,3.952,3.7124,3.4392,3.6725
2023-01-31,3.9598,3.7279,3.442,3.6825
2023-02-01,3.9613,3.7312,3.4484,3.6904
2023-02-02,3.947,3.7205,3.4436,3.6786
2023-02-03,3.9382,3.7182,3.4587,3.6878
2023-02-06,3.9351,3.7161,3.4639,3.6858
2023-02-07,3.9386,3.715,3.4616,3.7046
2023-02-08,3.9357,3.7134,3.4459,3.7029
2023-02-09,3.9342,3.7156,3.4481,3.714
2023-02-10,3.9311,3.7157,3.4593,3.7044
2023-02-13,3.9259,3.7131,3.469,3.7069
2023-02-14,3.9246,3.7053,3.4738,3.704
2023-02-15,3.9235,3.7111,3.469,3.7107
2023-02-16,3.9262,3.7179,3.4691,3.711
2023-02-17,3.9243,3.7258,3.4625,3.7054
2023-02-20,3.9157,3.7287,3.466,3.7178
2023-02-21,3.9105,3.7264,3.4609,3.7209
2023-02-22,3.9147,3.7272,3.4605,3.731
2023-02-23,3.9129,3.7239,3.47,3.7249
2023-02-24,3.9031,3.723,3.4792,3.7294
2023-02-27,3.8817,3.7184,3.4935,3.7342
2023-02-28,3.886,3.728,3.4895,3.728
2023-03-01,3.8951,3.7262,3.4911,3.7306
2023-03-02,3.9022,3.7255,3.4786,3.7399
2023-03-03,3.9065,3.7166,3.4838,3.7525
2023-03-06,3.888,3.7201,3.4843,3.7516
2023-03-07,3.8889,3.7164,3.4974,3.7517
2023-03-08,3.889,3.7198,3.4961,3.7477
2023-03-09,3.8951,3.7181,3.4914,3.7506
2023-03-10,3.8896,3.7196,3.4819,3.7487
2023-03-13,3.8731,3.7199,3.4799,3.7671
2023-03-14,3.8727,3.7235,3.4888,3.7728
2023-03-15,3.8713,3.7227,3.5009,3.7766
2023-03-16,3.8805,3.7257,3.4988,3.7844
2023-03-17,3.8926,3.7259,3.4922,3.7903
2023-03-20,3.8876,3.7321,3.4886,3.8011
2023-03-21,3.8883,3.7312,3.4948,3.7918
2023-03-22,3.8777,3.7287,3.494,3.7893
2023-03-23,3.8865,3.7286,3.4917,3.779
2023-03-24,3.8749,3.7174,3.4905,3.788
2023-03-27,3.8704,3.7195,3.5012,3.8001
2023-03-28,3.8619,3.722,3.5035,3.8124
2023-03-29,3.8766,3.7254,3.5082,3.8092
2023-03-30,3.8785,3.7185,3.5142,3.8129
2023-03-31,3.8715,3.7168,3.5148,3.8083
2023-04-03,3.8556,3.7164,3.5178,3.813
2023-04-04,3.8703,3.7289,3.5308,3.8143
2023-04-05,3.8923,3.7361,3.5484,3.8416
2023-04-06,3.9128,3.7546,3.5598,3.8596
2023-04-07,3.9356,3.7635,3.5737,3.8649
2023-04-10,4.002,3.8176,3.614,3.8805
2023-04-11,4.0184,3.8277,3.6356,3.8862
2023-04-12,4.0408,3.8625,3.6451,3.9055
2023-04-13,4.0624,3.8742,3.6582,3.9171
2023-04-14,4.0734,3.8952,3.6683,3.9382
2023-04-17,4.1376,3.9324,3.7074,3.9742
2023-04-18,4.1514,3.9507,3.7274,3.9938
2023-04-19,4.1748,3.9663,3.7355,3.9913
2023-04-20,4.192,3.9813,3.7473,4.0041
2023-04-21,4.2182,4.0009,3.7551,4.0105
2023-04-24,4.2845,4.038,3.801,4.0445
2023-04-25,4.3098,4.0571,3.8089,4.0547
2023-04-26,4.3235,4.072,3.8275,4.0591
2023-04-27,4.3457,4.0955,3.8396,4.0792
2023-04-28,4.3595,4.1189,3.8513,4.0877
2023-05-01,4.4285,4.1562,3.892,4.1343
2023-05-02,4.4528,4.1612,3.914,4.1316
2023-05-03,4.4715,4.1619,3.9388,4.1368
2023-05-04,4.4962,4.1843,3.9531,4.1352
2023-05-05,4.516,4.209,3.9556,4.1525
2023-05-08,4.5741,4.2602,3.982,4.1895
2023-05-09,4.5816,4.2665,3.9788,4.2037
2023-05-10,4.602,4.2831,3.9929,4.208
2023-05-11,4.6312,4.2918,4.0115,4.212
2023-05-12,4.6614,4.3184,4.0293,4.2248
2023-05-15,4.7238,4.3746,4.0674,4.2596
2023-05-16,4.7469,4.3978,4.0867,4.2732
2023-05-17,4.773,4.4102,4.0972,4.2918
2023-05-18,4.7884,4.4087,4.1085,4.3044
2023-05-19,4.8023,4.4131,4.1262,4.3249
2023-05-22,4.8546,4.4529,4.1677,4.3465
2023-05-23,4.8825,4.4652,4.1875,4.3588
2023-05-24,4.9154,4.4823,4.1908,4.3629
2023-05-25,4.9396,4.5091,4.2121,4.3677
2023-05-26,4.9465,4.5312,4.2265,4.3843
2023-05-29,4.9943,4.5861,4.2723,4.4159
2023-05-30,5.0131,4.5912,4.2873,4.4388
2023-05-31,5.0437,4.6042,4.2893,4.4386
2023-06-01,5.071,4.6224,4.3044,4.4491
2023-06-02,5.0777,4.6267,4.2969,4.4427
2023-06-05,5.0858,4.6391,4.3078,4.4576
2023-06-06,5.0954,4.6363,4.3049,4.4616
2023-06-07,5.0941,4.6377,4.3129,4.4694
2023-06-08,5.0936,4.6309,4.3146,4.4717
2023-06-09,5.0931,4.625,4.3104,4.4775
2023-06-12,5.0957,4.6342,4.3051,4.4844
2023-06-13,5.1042,4.6445,4.3091,4.4722
2023-06-14,5.1046,4.6509,4.3156,4.4646
2023-06-15,5.1139,4.655,4.3294,4.4573
2023-06-16,5.1221,4.6579,4.3261,4.4697
2023-06-19,5.1254,4.6624,4.3221,4.479
2023-06-20,5.1387,4.661,4.3225,4.4787
2023-06-21,5.132,4.6657,4.3222,4.4757
2023-06-22,5.131,4.6814,4.3322,4.4691
2023-06-23,5.1233,4.6831,4.3255,4.4774
2023-06-26,5.126,4.6907,4.3395,4.475
2023-06-27,5.1309,4.6969,4.3347,4.4867
2023-06-28,5.1348,4.7095,4.3376,4.4905
2023-06-29,5.1453,4.7111,4.3312,4.51
2023-06-30,5.1482,4.7066,4.3314,4.5132
2023-07-03,5.158,4.7085,4.3387,4.5141
2023-07-04,5.1634,4.7142,4.3475,4.5103
2023-07-05,5.1759,4.7205,4.3519,4.5007
2023-07-06,5.1759,4.7297,4.3535,4.4997
2023-07-07,5.1793,4.731,4.333,4.4989
2023-07-10,5.1696,4.743,4.3392,4.5
2023-07-11,5.1676,4.7433,4.337,4.5063
2023-07-12,5.1588,4.7495,4.3479,4.5011
2023-07-13,5.1711,4.7527,4.3548,4.5141
2023-07-14,5.1721,4.7511,4.3561,4.5105
2023-07-17,5.1825,4.747,4.3632,4.5226
2023-07-18,5.1936,4.7533,4.3572,4.5239
2023-07-19,5.1979,4.7616,4.3506,4.5379
2023-07-20,5.2031,4.765,4.3471,4.5375
2023-07-21,5.1948,4.7567,4.3551,4.5352
2023-07-24,5.2029,4.7681,4.3581,4.5318
2023-07-25,5.2032,4.7782,4.3612,4.5267
2023-07-26,5.2089,4.7822,4.3558,4.5342
2023-07-27,5.2166,4.7883,4.3763,4.5401
2023-07-28,5.2271,4.7874,4.3853,4.5608
2023-07-31,5.2333,4.7948,4.3885,4.5605
2023-08-01,5.2327,4.7918,4.3876,4.5579
2023-08-02,5.2144,4.7974,4.3812,4.5454
2023-08-03,5.208,4.8023,4.3901,4.5523
2023-08-04,5.2054,4.8042,4.3779,4.5583
2023-08-07,5.2025,4.7984,4.3904,4.5692
2023-08-08,5.1996,4.7967,4.3844,4.5763
2023-08-09,5.195,4.7892,4.3872,4.574
2023-08-10,5.1888,4.7869,4.3819,4.582
2023-08-11,5.1893,4.7834,4.3864,4.582
2023-08-14,5.1733,4.781,4.3925,4.5932
2023-08-15,5.1647,4.7829,4.3975,4.5894
2023-08-16,5.156,4.7835,4.3943,4.6016
2023-08-17,5.1356,4.7811,4.401,4.6003
2023-08-18,5.1349,4.7715,4.4016,4.6062
2023-08-21,5.1019,4.7643,4.4076,4.5985
2023-08-22,5.1036,4.7623,4.4034,4.6142
2023-08-23,5.0996,4.7657,4.4031,4.6199
2023-08-24,5.1159,4.7748,4.4073,4.623
2023-08-25,5.1143,4.7707,4.4209,4.6194
2023-08-28,5.0954,4.767,4.4282,4.6245
2023-08-29,5.0955,4.7597,4.4315,4.628
2023-08-30,5.0946,4.7612,4.4378,4.632
2023-08-31,5.105,4.7691,4.4368,4.6354
2023-09-01,5.0938,4.7603,4.4354,4.6418
2023-09-04,5.0852,4.7566,4.4269,4.646
2023-09-05,5.0777,4.7393,4.4204,4.649
2023-09-06,5.074,4.7378,4.4169,4.6518
2023-09-07,5.0626,4.7358,4.412,4.655
2023-09-08,5.0496,4.7424,4.4214,4.6524
2023-09-11,5.0357,4.7409,4.4261,4.668
2023-09-12,5.0295,4.7444,4.4305,4.6652
2023-09-13,5.0245,4.7381,4.4338,4.6733
2023-09-14,5.0166,4.7332,4.4401,4.6659
2023-09-15,5.0237,4.7388,4.4398,4.6827
2023-09-18,5.0121,4.7364,4.4344,4.6843
2023-09-19,5.01,4.7329,4.4368,4.685
2023-09-20,5.0005,4.7143,4.4426,4.6741
2023-09-21,4.9971,4.706,4.4391,4.6829
2023-09-22,4.9972,4.7126,4.433,4.6825
2023-09-25,4.9797,4.7094,4.4333,4.6932
2023-09-26,4.969,4.7132,4.4464,4.6835
2023-09-27,4.9671,4.7066,4.4536,4.6943
2023-09-28,4.9657,4.7104,4.4553,4.697
2023-09-29,4.9594,4.7039,4.4555,4.703
2023-10-02,4.9431,4.694,4.4547,4.7155
2023-10-03,4.9383,4.6807,4.441,4.7053
2023-10-04,4.9285,4.6771,4.428,4.7105
2023-10-05,4.9183,4.6733,4.4189,4.6954
2023-10-06,4.9105,4.6573,4.4133,4.7038
2023-10-09,4.8925,4.6252,4.3787,4.6851
2023-10-10,4.8854,4.609,4.3677,4.6774
2023-10-11,4.8655,4.5996,4.3594,4.6586
2023-10-12,4.8561,4.5806,4.3586,4.6517
2023-10-13,4.8423,4.58,4.3505,4.6493
2023-10-16,4.8194,4.5533,4.3261,4.6345
2023-10-17,4.8129,4.5502,4.3133,4.6317
2023-10-18,4.8127,4.5391,4.2976,4.6231
2023-10-19,4.8149,4.5392,4.2846,4.6182
2023-10-20,4.8079,4.5168,4.2849,4.6105
2023-10-23,4.7725,4.4743,4.275,4.5998
2023-10-24,4.7561,4.4463,4.2718,4.5924
2023-10-25,4.7442,4.4398,4.2518,4.58
2023-10-26,4.7362,4.4273,4.2334,4.5611
2023-10-27,4.7259,4.418,4.2219,4.5504
2023-10-30,4.6987,4.3837,4.2037,4.5349
2023-10-31,4.6886,4.3799,4.1987,4.5368
2023-11-01,4.6752,4.3709,4.184,4.5363
2023-11-02,4.6598,4.3685,4.1746,4.5337
2023-11-03,4.6541,4.3585,4.1652,4.5223
2023-11-06,4.6303,4.3288,4.1474,4.5022
2023-11-07,4.6249,4.3137,4.1342,4.4918
2023-11-08,4.6159,4.3109,4.1215,4.4881
2023-11-09,4.6048,4.2982,4.0951,4.4902
2023-11-10,4.5978,4.28,4.0871,4.4877
2023-11-13,4.5688,4.2318,4.0598,4.4742
2023-11-14,4.5553,4.2111,4.0593,4.4698
2023-11-15,4.5496,4.2097,4.0544,4.4516
2023-11-16,4.536,4.2033,4.048,4.4439
2023-11-17,4.5248,4.1988,4.0329,4.4306
2023-11-20,4.4848,4.1763,4.0067,4.4151
2023-11-21,4.4731,4.1688,3.9935,4.4104
2023-11-22,4.4724,4.1639,3.9984,4.3969
2023-11-23,4.4671,4.1384,3.982,4.3988
2023-11-24,4.4614,4.1198,3.978,4.3964
2023-11-27,4.4367,4.0839,3.9477,4.3848
2023-11-28,4.4306,4.0786,3.9467,4.3659
2023-11-29,4.4247,4.0634,3.9384,4.3496
2023-11-30,4.4145,4.0515,3.9297,4.3449
2023-12-01,4.4067,4.0399,3.9117,4.3481
2023-12-04,4.4045,4.0537,3.907,4.3411
2023-12-05,4.4039,4.0524,3.9064,4.345
2023-12-06,4.3932,4.0515,3.9151,4.3462
2023-12-07,4.4072,4.0536,3.9206,4.3561
2023-12-08,4.4123,4.0599,3.9277,4.3554
2023-12-11,4.4384,4.0713,3.9297,4.353
2023-12-12,4.4474,4.0794,3.929,4.3542
2023-12-13,4.4517,4.0794,3.9256,4.3516
2023-12-14,4.4473,4.0759,3.9292,4.3644
2023-12-15,4.4471,4.0746,3.9367,4.3765
2023-12-18,4.4533,4.0847,3.9508,4.3782
2023-12-19,4.4591,4.0867,3.9475,4.3721
2023-12-20,4.4649,4.0903,3.9466,4.3685
2023-12-21,4.4681,4.094,3.9404,4.361
2023-12-22,4.4754,4.1045,3.9447,4.3624
2023-12-25,4.4837,4.1151,3.9459,4.3565
2023-12-26,4.4851,4.1077,3.9371,4.3649
2023-12-27,4.4892,4.1032,3.9358,4.3611
2023-12-28,4.4926,4.0962,3.934,4.3678
2023-12-29,4.5012,4.1019,3.9342,4.3673
2024-01-01,4.5024,4.1042,3.9361,4.3548
2024-01-02,4.4979,4.0986,3.9373,4.3537
2024-01-03,4.498,4.1014,3.95,4.3569
2024-01-04,4.5078,4.1027,3.9581,4.375
2024-01-05,4.5106,4.1124,3.9599,4.3742
2024-01-08,4.5254,4.1136,3.9589,4.3808
2024-01-09,4.5198,4.1138,3.9477,4.3807
2024-01-10,4.5268,4.1164,3.9509,4.3839
2024-01-11,4.5285,4.123,3.9553,4.3815
2024-01-12,4.5502,4.1333,3.9698,4.3823
2024-01-15,4.5542,4.1486,3.972,4.3773
2024-01-16,4.5643,4.1511,3.9764,4.3604
2024-01-17,4.5562,4.1525,3.9658,4.3568
2024-01-18,4.5684,4.1381,3.9642,4.3656
2024-01-19,4.5649,4.1321,3.9636,4.3766
2024-01-22,4.5763,4.1432,3.9828,4.3846
2024-01-23,4.5768,4.1459,3.9926,4.3821
2024-01-24,4.5867,4.149,3.99,4.3909
2024-01-25,4.5855,4.1427,3.9717,4.3859
2024-01-26,4.5953,4.1487,3.9602,4.3881
2024-01-29,4.5947,4.1551,3.9644,4.3858
2024-01-30,4.5999,4.1556,3.9747,4.3953
2024-01-31,4.5922,4.1641,3.9804,4.385
2024-02-01,4.601,4.1664,3.9811,4.3807
2024-02-02,4.6118,4.1628,3.9846,4.378
2024-02-05,4.6267,4.167,3.9982,4.3959
2024-02-06,4.6267,4.1754,3.9996,4.4
2024-02-07,4.6172,4.1811,4.0063,4.3948
2024-02-08,4.6198,4.1703,4.0027,4.3914
2024-02-09,4.6161,4.166,4.0025,4.3951
2024-02-12,4.627,4.1745,4.005,4.3964
2024-02-13,4.6326,4.1901,4.0012,4.3949
2024-02-14,4.6504,4.1905,4.0169,4.397
2024-02-15,4.6723,4.1922,4.0146,4.4088
2024-02-16,4.6716,4.1916,4.0225,4.4114
2024-02-19,4.682,4.1905,4.0143,4.4073
2024-02-20,4.6725,4.198,4.0229,4.3982
2024-02-21,4.678,4.1905,4.0261,4.3978
2024-02-22,4.6763,4.206,4.0165,4.3975
2024-02-23,4.6786,4.2039,4.0153,4.3993
2024-02-26,4.6898,4.2208,4.0129,4.3929
2024-02-27,4.6889,4.2238,4.0226,4.4005
2024-02-28,4.6849,4.2126,4.0102,4.3944
2024-02-29,4.68,4.2051,4.0157,4.3981
2024-03-01,4.6886,4.2049,4.013,4.3926
2024-03-04,4.6846,4.2115,4.0224,4.4113
2024-03-05,4.6861,4.2164,4.0192,4.4124
2024-03-06,4.6797,4.2182,4.0329,4.4096
2024-03-07,4.6819,4.2208,4.0432,4.3979
2024-03-08,4.6826,4.2159,4.0457,4.4093
2024-03-11,4.6697,4.1985,4.0389,4.4016
2024-03-12,4.6686,4.1917,4.0279,4.4003
2024-03-13,4.6724,4.1934,4.0341,4.4067
2024-03-14,4.675,4.1958,4.0329,4.4247
2024-03-15,4.6705,4.1998,4.0335,4.4252
2024-03-18,4.6593,4.198,4.0354,4.4144
2024-03-19,4.6592,4.2026,4.0352,4.4127
2024-03-20,4.6543,4.1827,4.038,4.4235
2024-03-21,4.6478,4.1704,4.026,4.4339
2024-03-22,4.6416,4.1777,4.0331,4.4365
2024-03-25,4.6235,4.186,4.0455,4.4326
2024-03-26,4.6208,4.1811,4.0578,4.4284
2024-03-27,4.6082,4.1764,4.0625,4.424
2024-03-28,4.6065,4.1778,4.0494,4.4225
2024-03-29,4.6064,4.1918,4.0478,4.4108
2024-04-01,4.6078,4.1827,4.0383,4.4095
2024-04-02,4.616,4.1835,4.0422,4.4112
2024-04-03,4.6049,4.1783,4.0457,4.4151
2024-04-04,4.5917,4.179,4.0518,4.4255
2024-04-05,4.5799,4.1867,4.0467,4.425
2024-04-08,4.5722,4.1854,4.0388,4.4182
2024-04-09,4.5752,4.1726,4.0322,4.4124
2024-04-10,4.5788,4.162,4.0426,4.417
2024-04-11,4.5733,4.1615,4.0603,4.4307
2024-04-12,4.5715,4.174,4.0749,4.4446
2024-04-15,4.5513,4.1653,4.0655,4.4469
2024-04-16,4.5522,4.164,4.0631,4.4553
2024-04-17,4.5472,4.1612,4.0618,4.4486
2024-04-18,4.5452,4.1748,4.0644,4.4525
2024-04-19,4.5386,4.1638,4.0566,4.4449
2024-04-22,4.5281,4.1523,4.0599,4.4478
2024-04-23,4.5273,4.1365,4.0713,4.4451
2024-04-24,4.5341,4.1363,4.0671,4.4512
2024-04-25,4.5314,4.133,4.0655,4.4513
2024-04-26,4.5283,4.1193,4.0529,4.4514
2024-04-29,4.4994,4.1153,4.0608,4.4586
2024-04-30,4.4922,4.1201,4.0643,4.4629
2024-05-01,4.4889,4.1301,4.0759,4.4664
2024-05-02,4.4928,4.1405,4.0754,4.4631
2024-05-03,4.501,4.1373,4.075,4.4616
2024-05-06,4.4919,4.1419,4.0823,4.4625
2024-05-07,4.4986,4.1321,4.0922,4.4632
2024-05-08,4.4888,4.1348,4.0929,4.4615
2024-05-09,4.4866,4.1283,4.0943,4.4621
2024-05-10,4.4765,4.1324,4.0923,4.4546
2024-05-13,4.4667,4.1242,4.0917,4.459
2024-05-14,4.4719,4.1239,4.0876,4.4675
2024-05-15,4.4575,4.1174,4.0836,4.4732
2024-05-16,4.4443,4.1143,4.0771,4.4886
2024-05-17,4.4298,4.1124,4.0727,4.4912
2024-05-20,4.4319,4.1175,4.075,4.5042
2024-05-21,4.4422,4.1161,4.0831,4.4966
2024-05-22,4.444,4.1148,4.0959,4.5025
2024-05-23,4.4389,4.1085,4.098,4.493
2024-05-24,4.4373,4.1141,4.1026,4.4772
2024-05-27,4.4305,4.1078,4.1033,4.4688
2024-05-28,4.4302,4.0881,4.1032,4.4765
2024-05-29,4.4267,4.0836,4.102,4.4911
2024-05-30,4.4197,4.071,4.0962,4.4957
2024-05-31,4.4128,4.0888,4.1048,4.5005
2024-06-03,4.4019,4.0828,4.1076,4.5047
2024-06-04,4.3979,4.0975,4.1037,4.5083
2024-06-05,4.3975,4.0842,4.0987,4.498
2024-06-06,4.3982,4.0742,4.1046,4.4916
2024-06-07,4.3822,4.069,4.1105,4.4967
2024-06-10,4.3655,4.0691,4.1144,4.5049
2024-06-11,4.349,4.073,4.1098,4.5083
2024-06-12,4.3563,4.0707,4.1063,4.4981
2024-06-13,4.3589,4.0832,4.1075,4.4954
2024-06-14,4.3541,4.0884,4.0986,4.496
2024-06-17,4.3414,4.089,4.1032,4.4957
2024-06-18,4.3352,4.0779,4.1069,4.4925
2024-06-19,4.3518,4.0797,4.1165,4.496
2024-06-20,4.3625,4.0721,4.1189,4.5005
2024-06-21,4.3616,4.0562,4.1166,4.5145
2024-06-24,4.3379,4.0435,4.117,4.52
2024-06-25,4.32,4.0471,4.1195,4.5253
2024-06-26,4.3093,4.0511,4.1214,4.5171
2024-06-27,4.3073,4.0498,4.1189,4.516
2024-06-28,4.3049,4.0408,4.1198,4.5175
2024-07-01,4.3116,4.0435,4.1148,4.5218
